Заявка;Тип заявки BK;Статус BK;Тип заявки HD;Начало;Окончание;Район;Адрес;Инженер;Клиент;Телефон клиента;Лицевой счёт;Подключение;Гигабитное подключение
410000001;Подключение;Не отправлена;Конвергенция абонента;12.10.2026 14:00;12.10.2026 16:00;Кузьминки;Город Москва, пр-кт.Волгоградский, д. 128 к 5;;Татьяна Жукова;+7 963 409-66-52;48392925;FTTB;Да
410000002;Подключение;В работе;Конвергенция абонента;12.10.2026 10:00;12.10.2026 12:00;Таганский;Город Москва, пер.Маяковского, д. 2;Олег Пятков;Владимир Тихонов;+7 995 496-71-14;92963452;FMC;Нет
410000003;Дозаказ;Отправлена;Дозаказ оборудования;12.10.2026 20:00;12.10.2026 22:00;Текстильщики;Город Москва, ул.Грайвороновская, д. 10 к 2;Ильдар Мухин;Наталья Жукова;+7 962 121-91-82;82699965;FTTB;Нет
410000004;Локальная заявка;Отправлена;Роутер. Замена техническим специалистом;12.10.2026 10:00;12.10.2026 12:00;Рязанский;Город Москва, ул.Михайлова, д. 14;Виктор Ильин;Ольга Жукова;+7 919 565-97-97;99229396;;Нет
410000005;Подключение;Не отправлена;Конвергенция абонента;12.10.2026 10:00;12.10.2026 12:00;Рязанский;Город Москва, ул.3-я Институтская, д. 5 к 2;;Ольга Ремизова;+7 967 893-10-37;38726005;FMC;Нет
410000006;Подключение;Отправлена;Заказ подключения/Дозаказ оборудования;12.10.2026 14:00;12.10.2026 16:00;Рязанский;Город Москва, ул.1-я Новокузьминская, д. 16 к 1;Ильдар Мухин;Алексей Лобанов;+7 962 380-31-57;22266224;FMC;Нет
410000007;Глобальная проблема;Не отправлена;Авария;12.10.2026 0:01;12.10.2026 23:59;Кузьминки;Город Москва, ул.Окская, д. 32;;Сергей Лобанов;+7 990 349-37-85;55702419;;Нет
410000008;Локальная заявка;Отправлена;Роутер. Замена техническим специалистом;12.10.2026 12:00;12.10.2026 14:00;Кузьминки;Город Москва, ул.Юных Ленинцев, д. 84;Павел Рожков;Ольга Мещерякова;+7 909 727-90-37;51153556;;Нет
410000009;Локальная заявка;Не отправлена;Работа с кабелем;12.10.2026 10:00;12.10.2026 12:00;Таганский;Город Москва, ул.Международная, д. 28 стр. 1;;Ольга Круглова;+7 971 880-52-19;49654288;;Нет
410000010;Подключение;Отправлена;Конвергенция абонента;12.10.2026 12:00;12.10.2026 14:00;Таганский;Город Москва, ул.Новорогожская, д. 8;Ильдар Мухин;Наталья Круглова;+7 924 962-79-15;61373071;FMC;Нет
410000011;Подключение;Не отправлена;Заявка на подключение;12.10.2026 14:00;12.10.2026 16:00;Текстильщики;Город Москва, ул.Чистова, д. 12;;Татьяна Ремизова;+7 988 155-50-53;91122687;FTTB;Нет
410000012;Локальная заявка;Отправлена;Работа с кабелем;12.10.2026 10:00;12.10.2026 12:00;Рязанский;Город Москва, ул.Паперника, д. 19;Никита Саврасов;Руслан Нечаев;+7 985 297-56-53;73542996;;Да
410000013;Локальная заявка;Отправлена;Низкая скорость;12.10.2026 14:00;12.10.2026 16:00;Рязанский;Город Москва, ул.Окская, д. 48/2;Антон Дуров;Сергей Тихонов;+7 993 396-24-40;74761331;;Нет
410000014;Подключение;В работе;Заказ подключения/Дозаказ оборудования;12.10.2026 16:00;12.10.2026 18:00;Южнопортовый;Город Москва, ул.Трофимова, д. 24 к 2;Глеб Назаров;Руслан Балашов;+7 966 967-86-88;98185979;FTTB;Нет
410000015;Подключение;Отправлена;Заявка на подключение;12.10.2026 18:00;12.10.2026 20:00;Южнопортовый;Город Москва, ул.1-я Дубровская, д. 6;Олег Пятков;Вера Жукова;+7 977 359-38-53;35125047;FMC;Нет
410000016;Дозаказ;Не отправлена;Дозаказ оборудования;12.10.2026 10:00;12.10.2026 12:00;Таганский;Город Москва, ул.Рогожский Вал, д. 2/50;;Наталья Круглова;+7 997 655-45-38;99485894;FMC;Нет
410000017;Локальная заявка;Не отправлена;Мониторинг;12.10.2026 14:00;12.10.2026 16:00;Таганский;Город Москва, ул.Талалихина, д. 2/1 к 4;;Михаил Балашов;+7 957 403-87-80;27481431;;Нет
410000018;Локальная заявка;Отправлена;Разрывы;12.10.2026 18:00;12.10.2026 20:00;Текстильщики;Город Москва, ул.Артюхиной, д. 20А;Кирилл Лапин;Елена Зотова;+7 925 541-31-53;58568842;;Нет
410000019;Локальная заявка;Не отправлена;Работа с кабелем;12.10.2026 12:00;12.10.2026 14:00;Текстильщики;Город Москва, ул.Малышева, д. 13;;Анна Ремизова;+7 941 732-79-47;79822813;;Нет
410000020;Подключение;Отправлена;Заказ подключения/Дозаказ оборудования;12.10.2026 10:00;12.10.2026 12:00;Нижегородский;Город Москва, ул.Бронницкая, д. 12;Антон Дуров;Анна Северина;+7 925 383-31-71;86722104;FMC;Нет
410000021;Подключение;Отправлена;Конвергенция абонента;12.10.2026 18:00;12.10.2026 20:00;Лефортово;Город Москва, ул.Авиамоторная, д. 14;Сергей Гущин;Игорь Балашов;+7 948 699-48-96;27053492;FMC;Нет
410000022;Локальная заявка;Отправлена;Разрывы;12.10.2026 14:00;12.10.2026 16:00;Кузьминки;Город Москва, ул.Фёдора Полетаева, д. 2 к 6;Егор Тимофеев;Павел Шестаков;+7 932 957-81-65;32873521;;Нет
410000023;Локальная заявка;В работе;Низкая скорость;12.10.2026 14:00;12.10.2026 16:00;Рязанский;Город Москва, ул.Зарайская, д. 51 к 2;Ильдар Мухин;Владимир Тихонов;+7 923 454-55-30;28703330;;Да
410000024;Глобальная проблема;Отправлена;Информация;12.10.2026 0:01;12.10.2026 23:59;Текстильщики;Город Москва, ул.Саратовская, д. 14/1;Егор Тимофеев;Наталья Жукова;+7 949 289-52-23;75913539;;Нет
410000025;Подключение;Отправлена;Заявка на подключение;12.10.2026 14:00;12.10.2026 16:00;Нижегородский;Город Москва, ул.Нижегородская, д. 63;Сергей Гущин;Елена Жукова;+7 942 291-30-86;76957596;FMC;Нет
410000026;Подключение;Отправлена;Конвергенция абонента;12.10.2026 18:00;12.10.2026 20:00;Нижегородский;Город Москва, ул.Смирновская, д. 6;Олег Пятков;Татьяна Жукова;+7 924 678-72-30;65800397;FMC;Нет
410000027;Локальная заявка;Не отправлена;Низкая скорость;12.10.2026 16:00;12.10.2026 18:00;Нижегородский;Город Москва, ул.Нижегородская, д. 61;;Татьяна Мещерякова;+7 957 761-63-26;67545476;;Да
410000028;Глобальная проблема;Отправлена;Информация;12.10.2026 14:00;12.10.2026 16:00;Кузьминки;Город Москва, ул.Зеленодольская, д. 28Б;Данил Ерохин;Сергей Балашов;+7 940 296-88-23;32019015;;Да
410000029;Дозаказ;Не отправлена;Дозаказ оборудования;12.10.2026 10:00;12.10.2026 12:00;Текстильщики;Город Москва, ул.Артюхиной, д. 16;;Игорь Шестаков;+7 926 968-96-68;56127141;FMC;Нет
410000030;Подключение;Не отправлена;Заказ подключения/Дозаказ оборудования;12.10.2026 20:00;12.10.2026 22:00;Нижегородский;Город Москва, ул.3-я Карачаровская, д. 4 к 1;;Алексей Сорокин;+7 957 719-96-89;73643893;FMC;Нет
410000031;Локальная заявка;Не отправлена;Нет линка;12.10.2026 16:00;12.10.2026 18:00;Рязанский;Город Москва, пр-кт.Рязанский, д. 73;;Вера Мещерякова;+7 981 937-80-80;37029046;;Да
410000032;Дозаказ;В работе;Дозаказ оборудования;12.10.2026 14:00;12.10.2026 16:00;Выхино;Город Москва, ул.Ферганская, д. 28/7;Марат Юсупов;Михаил Лобанов;+7 974 162-18-10;58066050;FTTB;Нет
410000033;Подключение;Не отправлена;Конвергенция абонента;12.10.2026 10:00;12.10.2026 12:00;Выхино;Город Москва, б-р.Самаркандский Квартал 137а, д. к5;;Елена Северина;+7 962 176-92-87;39648004;FTTB;Нет
410000034;Подключение;Отправлена;Конвергенция абонента;12.10.2026 14:00;12.10.2026 16:00;Лефортово;Город Москва, ул.Боровая, д. 14;Сергей Гущин;Алексей Тихонов;+7 996 404-19-56;26677430;FMC;Нет
410000035;Подключение;Отправлена;Заявка на подключение;12.10.2026 10:00;12.10.2026 12:00;Таганский;Город Москва, ул.Стройковская, д. 8;Марат Юсупов;Вера Жукова;+7 910 508-67-95;66318659;FMC;Нет
410000036;Подключение;В работе;Конвергенция абонента;12.10.2026 20:00;12.10.2026 22:00;Лефортово;Город Москва, ул.2-я Синичкина, д. 9 к 1;Ильдар Мухин;Сергей Кириллов;+7 946 200-61-15;81158730;FMC;Нет
410000037;Локальная заявка;Отправлена;Нет линка;12.10.2026 12:00;12.10.2026 14:00;Нижегородский;Москва, проезд Орехово-Зуевский, д. 18/8;Олег Пятков;Марина Северина;+7 990 916-44-53;84107079;;Нет
410000038;Глобальная проблема;В работе;Авария;12.10.2026 0:01;12.10.2026 23:59;Таганский;Город Москва, пер.Большой Рогожский, д. 10 к 2;Данил Ерохин;Наталья Зотова;+7 919 323-54-45;26565665;;Нет
410000039;Подключение;Отправлена;Заказ подключения/Дозаказ оборудования;12.10.2026 20:00;12.10.2026 22:00;Басманный;Город Москва, ул.Машкова, д. 13 стр. 1;Сергей Гущин;Елена Жукова;+7 924 830-91-14;85723667;FMC;Нет
410000040;Дозаказ;Отправлена;ТВ. Замена приставки техником;12.10.2026 16:00;12.10.2026 18:00;Текстильщики;Город Москва, ул.11-я Текстильщиков, д. 10;Антон Дуров;Игорь Лобанов;+7 940 931-84-24;39877666;FTTB;Нет
410000041;Подключение;Отправлена;Заявка на подключение;12.10.2026 10:00;12.10.2026 12:00;Рязанский;Город Москва, ул.Паперника, д. 18;Антон Дуров;Павел Балашов;+7 929 511-26-64;87782293;FMC;Нет
410000042;Подключение;Отправлена;Заказ подключения/Дозаказ оборудования;12.10.2026 14:00;12.10.2026 16:00;Таганский;Город Москва, ул.Большая Калитниковская, д. 38;Сергей Гущин;Владимир Нечаев;+7 964 694-73-52;57728016;FTTB;Нет
410000043;Локальная заявка;Отправлена;Разрывы;12.10.2026 16:00;12.10.2026 18:00;Кузьминки;Город Москва, ул.Маршала Чуйкова, д. 9 к 2;Павел Рожков;Анна Ушакова;+7 964 669-69-98;23506230;;Нет
410000044;Локальная заявка;Отправлена;Роутер. Замена техническим специалистом;12.10.2026 18:00;12.10.2026 20:00;Таганский;Город Москва, ул.Талалихина, д. 16;Павел Рожков;Сергей Кириллов;+7 976 157-10-69;69732062;;Нет
410000045;Локальная заявка;Отправлена;Нет линка;12.10.2026 18:00;12.10.2026 20:00;Текстильщики;Город Москва, б-р.Волжский, д. 50 к 2;Ильдар Мухин;Павел Нечаев;+7 992 536-42-76;98917633;;Нет
410000046;Подключение;Отправлена;Конвергенция абонента;12.10.2026 20:00;12.10.2026 22:00;Текстильщики;Город Москва, ул.Артюхиной, д. 3;Сергей Гущин;Вера Ушакова;+7 928 424-90-30;92459587;FMC;Нет
410000047;Локальная заявка;Не отправлена;Роутер. Замена техническим специалистом;12.10.2026 10:00;12.10.2026 12:00;Выхино;Город Москва, проезд.Ферганский, д. 7 к 5;;Игорь Нечаев;+7 913 937-15-15;64305680;;Нет
410000048;Локальная заявка;Отправлена;Низкая скорость;12.10.2026 20:00;12.10.2026 22:00;Басманный;Город Москва, ул.Земляной Вал, д. 24/30 стр. 1;Антон Дуров;Вера Северина;+7 934 939-92-22;82216528;;Да
410000049;Подключение;Не отправлена;Конвергенция абонента;12.10.2026 10:00;12.10.2026 12:00;Нижегородский;Город Москва, ул.3-я Карачаровская, д. 8 к 2;;Вера Ремизова;+7 940 401-50-14;27237411;FMC;Нет
410000050;Подключение;Отправлена;Конвергенция абонента;12.10.2026 18:00;12.10.2026 20:00;Нижегородский;Город Москва, ул.Чистопольская, д. 2 к 2;Антон Дуров;Михаил Шестаков;+7 988 678-84-24;46958480;FMC;Нет
410000051;Подключение;В работе;Конвергенция абонента;12.10.2026 10:00;12.10.2026 12:00;Лефортово;Город Москва, ул.Боровая, д. 12;Глеб Назаров;Михаил Шестаков;+7 954 822-41-53;93986713;FMC;Нет
410000052;Локальная заявка;Отправлена;Нет линка;12.10.2026 20:00;12.10.2026 22:00;Лефортово;Город Москва, ул.Красноказарменная, д. 9Б стр. 1;Егор Тимофеев;Вера Жукова;+7 915 658-73-18;92436777;;Да
410000053;Глобальная проблема;Отправлена;Авария;12.10.2026 0:01;12.10.2026 23:59;Лефортово;Город Москва, ул.Сторожевая, д. 31;Роман Шитов;Татьяна Гаврилова;+7 950 444-12-88;84384665;;Нет
410000054;Локальная заявка;Не отправлена;Нет линка;12.10.2026 10:00;12.10.2026 12:00;Таганский;Город Москва, ул.Новорогожская, д. 10;;Сергей Балашов;+7 938 263-86-99;91119409;;Нет
410000055;Дозаказ;Отправлена;Дозаказ оборудования;12.10.2026 10:00;12.10.2026 12:00;Таганский;Город Москва, ул.Нижегородская, д. 25;Олег Пятков;Дмитрий Панкратов;+7 961 663-50-87;56126219;FMC;Нет
410000056;Локальная заявка;Отправлена;Роутер. Замена техническим специалистом;12.10.2026 10:00;12.10.2026 12:00;Кузьминки;Город Москва, ул.Окская, д. 6 к 1;Данил Ерохин;Вера Мещерякова;+7 910 465-57-83;27680799;;Нет
410000057;Локальная заявка;В работе;Роутер. Замена техническим специалистом;12.10.2026 10:00;12.10.2026 12:00;Кузьминки;Город Москва, пр-кт.Волгоградский, д. 97 к 1;Кирилл Лапин;Марина Жукова;+7 931 667-26-27;66328606;;Нет
410000058;Дозаказ;Не отправлена;Дозаказ оборудования;12.10.2026 18:00;12.10.2026 20:00;Выхино;г.Город Москва, б-р.Самаркандский, д. 32к1;;Анна Зотова;+7 995 174-99-31;47379580;FMC;Нет
410000059;Глобальная проблема;В работе;Авария;12.10.2026 0:01;12.10.2026 23:59;Выхино;г.Город Москва, б-р.Самаркандский, д. 10к2;Роман Шитов;Елена Ушакова;+7 901 380-17-63;29565975;;Нет
410000060;Подключение;Отправлена;Конвергенция абонента;12.10.2026 20:00;12.10.2026 22:00;Таганский;г.Город Москва, ул.Новорогожская, д. 20;Олег Пятков;Татьяна Ремизова;+7 961 332-31-65;32065312;FMC;Нет
410000061;Подключение;Не отправлена;Заявка на подключение;12.10.2026 18:00;12.10.2026 20:00;Выхино;г.Город Москва, ул.Ташкентская, д. 16к2;;Вера Мещерякова;+7 932 615-42-64;52847606;FMC;Нет
410000062;Подключение;Отправлена;Конвергенция абонента;12.10.2026 18:00;12.10.2026 20:00;Текстильщики;г.Город Москва, ул.Саратовская, д. 16;Антон Дуров;Татьяна Зотова;+7 908 216-49-36;78490549;FTTB;Нет
410000063;Подключение;Не отправлена;Конвергенция абонента;12.10.2026 18:00;12.10.2026 20:00;Басманный;г.Город Москва, наб.Семеновская, д. 3/1к2;;Михаил Нечаев;+7 931 165-62-58;52587667;FTTB;Нет
;;;;;;;;;;;;;
Адрес офиса;г. Москва, ул Юных Ленинцев, д 83с 4;;;;;;;;;;;;
